Workbook

Sheet Participants
A1: BACK-TEST SCORING — one row per participant
A2: Participant ID | B2: Code / Initials | C2: City | D2: Education stream | E2: Real current job title | F2: Mapped role (their TRUE job) | G2: Engine Top 1 | H2: Engine Top 2 | I2: Engine Top 3 | J2: Confidence margin | K2: Hit@1 | L2: Hit@3 | M2: Notes
A3: 1 | K3: =IF($F3="","",IF($F3=$G3,1,0)) | L3: =IF($F3="","",IF(COUNTIF($G3:$I3,$F3)>0,1,0))
A4: 2 | K4: =IF($F4="","",IF($F4=$G4,1,0)) | L4: =IF($F4="","",IF(COUNTIF($G4:$I4,$F4)>0,1,0))
A5: 3 | K5: =IF($F5="","",IF($F5=$G5,1,0)) | L5: =IF($F5="","",IF(COUNTIF($G5:$I5,$F5)>0,1,0))
A6: 4 | K6: =IF($F6="","",IF($F6=$G6,1,0)) | L6: =IF($F6="","",IF(COUNTIF($G6:$I6,$F6)>0,1,0))
A7: 5 | K7: =IF($F7="","",IF($F7=$G7,1,0)) | L7: =IF($F7="","",IF(COUNTIF($G7:$I7,$F7)>0,1,0))
A8: 6 | K8: =IF($F8="","",IF($F8=$G8,1,0)) | L8: =IF($F8="","",IF(COUNTIF($G8:$I8,$F8)>0,1,0))
A9: 7 | K9: =IF($F9="","",IF($F9=$G9,1,0)) | L9: =IF($F9="","",IF(COUNTIF($G9:$I9,$F9)>0,1,0))
A10: 8 | K10: =IF($F10="","",IF($F10=$G10,1,0)) | L10: =IF($F10="","",IF(COUNTIF($G10:$I10,$F10)>0,1,0))
A11: 9 | K11: =IF($F11="","",IF($F11=$G11,1,0)) | L11: =IF($F11="","",IF(COUNTIF($G11:$I11,$F11)>0,1,0))
A12: 10 | K12: =IF($F12="","",IF($F12=$G12,1,0)) | L12: =IF($F12="","",IF(COUNTIF($G12:$I12,$F12)>0,1,0))
A13: 11 | K13: =IF($F13="","",IF($F13=$G13,1,0)) | L13: =IF($F13="","",IF(COUNTIF($G13:$I13,$F13)>0,1,0))
A14: 12 | K14: =IF($F14="","",IF($F14=$G14,1,0)) | L14: =IF($F14="","",IF(COUNTIF($G14:$I14,$F14)>0,1,0))
... A42: 40 | K42: =IF($F42="","",IF($F42=$G42,1,0)) | L42: =IF($F42="","",IF(COUNTIF($G42:$I42,$F42)>0,1,0))

Sheet Summary
A1: BACK-TEST RESULTS
A3: Participants scored (N) | B3: =COUNT(Participants!K3:K42) -> 0
A4: Top-1 hit rate | B4: =IF(B3=0,"-",SUM(Participants!K3:K42)/B3) -> -
A5: Top-3 hit rate ◄ headline number | B5: =IF(B3=0,"-",SUM(Participants!L3:L42)/B3) -> -
A6: Median confidence margin | B6: =IF(B3=0,"-",MEDIAN(Participants!J3:J42)) -> -
A8: Interpretation thresholds (Top-3)
A9: ≥ 80% | B9: Strong — matching works, safe to scale
A10: 65–79% | B10: Promising — usable, check weak roles below
A11: 50–64% | B11: Weak — better than random, iterate first
A12: < 50% | B12: Not working — rethink questions / role vectors
A13: ~25% | B13: approx. random chance (12 roles, top-3)
A15: Per-role breakdown
A16: Role | B16: Cluster | C16: # mapped | D16: Top-3 hits | E16: Top-3 rate
A17: Customer Support Associate | B17: People-facing | C17: =COUNTIF(Participants!F3:F42,A17) -> 0 | D17: =SUMIFS(Participants!L3:L42,Participants!F3:F42,A17) -> 0 | E17: =IF(C17=0,"-",D17/C17) -> -
A18: Sales Support Executive | B18: Creative | C18: =COUNTIF(Participants!F3:F42,A18) -> 0 | D18: =SUMIFS(Participants!L3:L42,Participants!F3:F42,A18) -> 0 | E18: =IF(C18=0,"-",D18/C18) -> -
A19: Academic Counsellor | B19: People-facing | C19: =COUNTIF(Participants!F3:F42,A19) -> 0 | D19: =SUMIFS(Participants!L3:L42,Participants!F3:F42,A19) -> 0 | E19: =IF(C19=0,"-",D19/C19) -> -
A20: HR Coordinator | B20: People-facing | C20: =COUNTIF(Participants!F3:F42,A20) -> 0 | D20: =SUMIFS(Participants!L3:L42,Participants!F3:F42,A20) -> 0 | E20: =IF(C20=0,"-",D20/C20) -> -
A21: Data Entry / MIS Executive | B21: Desk-ops | C21: =COUNTIF(Participants!F3:F42,A21) -> 0 | D21: =SUMIFS(Participants!L3:L42,Participants!F3:F42,A21) -> 0 | E21: =IF(C21=0,"-",D21/C21) -> -
A22: Back-Office Operations Executive | B22: Desk-ops | C22: =COUNTIF(Participants!F3:F42,A22) -> 0 | D22: =SUMIFS(Participants!L3:L42,Participants!F3:F42,A22) -> 0 | E22: =IF(C22=0,"-",D22/C22) -> -
A23: Operations Analyst | B23: Analytical | C23: =COUNTIF(Participants!F3:F42,A23) -> 0 | D23: =SUMIFS(Participants!L3:L42,Participants!F3:F42,A23) -> 0 | E23: =IF(C23=0,"-",D23/C23) -> -
A24: Accounting & Finance Assistant | B24: Analytical | C24: =COUNTIF(Participants!F3:F42,A24) -> 0 | D24: =SUMIFS(Participants!L3:L42,Participants!F3:F42,A24) -> 0 | E24: =IF(C24=0,"-",D24/C24) -> -
A25: Digital Marketing Executive | B25: Creative | C25: =COUNTIF(Participants!F3:F42,A25) -> 0 | D25: =SUMIFS(Participants!L3:L42,Participants!F3:F42,A25) -> 0 | E25: =IF(C25=0,"-",D25/C25) -> -
A26: Content Writer | B26: Creative | C26: =COUNTIF(Participants!F3:F42,A26) -> 0 | D26: =SUMIFS(Participants!L3:L42,Participants!F3:F42,A26) -> 0 | E26: =IF(C26=0,"-",D26/C26) -> -
A27: Telemedicine Coordinator | B27: People-facing | C27: =COUNTIF(Participants!F3:F42,A27) -> 0 | D27: =SUMIFS(Participants!L3:L42,Participants!F3:F42,A27) -> 0 | E27: =IF(C27=0,"-",D27/C27) -> -
A28: Legal & Compliance Operations Associate | B28: Desk-ops | C28: =COUNTIF(Participants!F3:F42,A28) -> 0 | D28: =SUMIFS(Participants!L3:L42,Participants!F3:F42,A28) -> 0 | E28: =IF(C28=0,"-",D28/C28) -> -

Sheet Roles
A1: Role | B1: Cluster
A2: Customer Support Associate | B2: People-facing
A3: Sales Support Executive | B3: Creative
A4: Academic Counsellor | B4: People-facing
A5: HR Coordinator | B5: People-facing
A6: Data Entry / MIS Executive | B6: Desk-ops
A7: Back-Office Operations Executive | B7: Desk-ops
A8: Operations Analyst | B8: Analytical
A9: Accounting & Finance Assistant | B9: Analytical
A10: Digital Marketing Executive | B10: Creative
A11: Content Writer | B11: Creative
A12: Telemedicine Coordinator | B12: People-facing
A13: Legal & Compliance Operations Associate | B13: Desk-ops
A15: Use these exact names in the Mapped-role and Engine Top columns (dropdowns enforce this).
